Country,Breed_Count,Top_Breed_Group,Example_Breeds,Latitude,Longitude,Source
United Kingdom,58,Terriers,Airedale Terrier; Basset Hound; Beagle; Bearded Collie,54,-2,https://www.fci.be/en/nomenclature/
France,52,Scent hounds and related breeds,Ariege Pointing Dog; Ariegeois; Artois Hound; Auvergne Pointer,46,2,https://www.fci.be/en/nomenclature/
Germany,32,Pinscher and Schnauzer,Affenpinscher; Bavarian Mountain Scent Hound; Boxer; Dachshund,51,9,https://www.fci.be/en/nomenclature/
Italy,14,Scent hounds and related breeds,Bergamasco Shepherd Dog; Bolognese; Cirneco Dell'Etna; Italian Cane Corso,42.83333333,12.83333333,https://www.fci.be/en/nomenclature/
Spain,14,Pinscher and Schnauzer,"Andalusian Terrier, Sherry Terrier; Burgos Pointing Dog; Canarian Warren Hound; Catalan Sheepdog",40,-4,https://www.fci.be/en/nomenclature/
Japan,11,Spitz and primitive types,Akita; American Akita; Hokkaido; Japanese Chin,36,138,https://www.fci.be/en/nomenclature/
United States of America,11,Retrievers,Alaskan Malamute; American Cocker Spaniel; American Foxhound; American Staffordshire Terrier,38,-97,https://www.fci.be/en/nomenclature/
Belgium,10,Companion and Toy Dogs,Belgian Shepherd Dog; Bichon Frise; Bloodhound; Bouvier Des Ardennes,50.83333333,4,https://www.fci.be/en/nomenclature/
China,10,Companion and Toy Dogs,Chinese Crested Dog; Chow Chow; Lhasa Apso; Pekingese,35,105,https://www.fci.be/en/nomenclature/
Russia,10,Spitz and primitive types,Borzoi - Russian Hunting Sighthound; Caucasian Shepherd Dog; Central Asia Shepherd Dog; East Siberian Laika,60,100,https://www.fci.be/en/nomenclature/
Switzerland,10,Pinscher and Schnauzer,Appenzell Cattle Dog; Bernese Mountain Dog; Continental Bulldog; Entlebuch Cattle Dog,47,8,https://www.fci.be/en/nomenclature/
Hungary,9,Sheepdogs and Cattledogs,Hungarian Greyhound; Hungarian Hound - Transylvanian Scent Hound; Hungarian Short-Haired Pointer (Vizsla); Hungarian Wire-Haired Pointer,47,20,https://www.fci.be/en/nomenclature/
Portugal,9,Pinscher and Schnauzer,Castro Laboreiro Dog; Estrela Mountain Dog; Portuguese Pointing Dog; Portuguese Sheepdog,39.5,-8,https://www.fci.be/en/nomenclature/
Sweden,9,Scent hounds and related breeds / Spitz and primitive types,Danish-Swedish Farmdog; Drever; Hamiltonstövare; Jämthund,62,15,https://www.fci.be/en/nomenclature/
Ireland,8,Terriers,Irish Glen Of Imaal Terrier; Irish Red And White Setter; Irish Red Setter; Irish Soft Coated Wheaten Terrier,53,-8,https://www.fci.be/en/nomenclature/
Netherlands,8,Sheepdogs and Cattledogs,Drentsche Partridge Dog; Dutch Schapendoes; Dutch Shepherd Dog; Dutch Smoushond,52.5,5.75,https://www.fci.be/en/nomenclature/
Norway,7,Spitz and primitive types,Halden Hound; Hygen Hound; Norwegian Buhund; Norwegian Elkhound Black,62,10,https://www.fci.be/en/nomenclature/
Croatia,6,Scent hounds and related breeds,Bosnian And Herzegovinian - Croatian Shepherd Dog; Croatian Shepherd Dog; Dalmatian; Istrian Short-Haired Hound,45.16666666,15.5,https://www.fci.be/en/nomenclature/
Australia,5,Sheepdogs and Cattledogs,Australian Cattle Dog; Australian Kelpie; Australian Silky Terrier; Australian Stumpy Tail Cattle Dog,-27,133,https://www.fci.be/en/nomenclature/
Austria,5,Scent hounds and related breeds,Alpine Dachsbracke; Austrian  Pinscher; Austrian Black And Tan Hound; Coarse-Haired Styrian Hound,47.33333333,13.33333333,https://www.fci.be/en/nomenclature/
Finland,5,Spitz and primitive types,Finnish Hound; Finnish Lapponian Dog; Finnish Spitz; Karelian Bear Dog,64,26,https://www.fci.be/en/nomenclature/
Poland,5,Scent hounds and related breeds / Sheepdogs and Cattledogs,Polish Greyhound; Polish Hound; Polish Hunting Dog; Polish Lowland Sheepdog,52,20,https://www.fci.be/en/nomenclature/
Brazil,4,Pinscher and Schnauzer,Brazilian Campeiro Bulldog; Brazilian Terrier; Brazilian Tracker; Fila Brasileiro,-10,-55,https://www.fci.be/en/nomenclature/
Czechia,4,Companion and Toy Dogs / Pointing Dogs / Sheepdogs and Cattledogs / Terriers,Bohemian Shepherd Dog; Bohemian Wire-Haired Pointing Griffon; Cesky Terrier; Prague Ratter,49.75,15.5,https://www.fci.be/en/nomenclature/
Romania,4,Pinscher and Schnauzer / Sheepdogs and Cattledogs,Romanian Bucovina Shepherd; Romanian Carpathian Shepherd Dog; Romanian Mioritic Shepherd Dog; Romanian Raven Shepherd Dog,46,25,https://www.fci.be/en/nomenclature/
Canada,3,Pinscher and Schnauzer / Retrievers / Spitz and primitive types,Canadian Eskimo Dog; Newfoundland; Nova Scotia Duck Tolling Retriever,60,-95,https://www.fci.be/en/nomenclature/
Denmark,3,Pinscher and Schnauzer,Broholmer; Danish-Swedish Farmdog; Old Danish Pointing Dog,56,10,https://www.fci.be/en/nomenclature/
Serbia,3,Scent hounds and related breeds,Serbian Hound; Serbian Tricolour Hound; Yugoslavian Shepherd Dog - Sharplanina,44.1305021,16.4284181,https://www.fci.be/en/nomenclature/
Slovakia,3,Pointing Dogs / Scent hounds and related breeds / Sheepdogs and Cattledogs,Slovakian Chuvach; Slovakian Hound; Wirehaired Slovakian Pointer,48.66666666,19.5,https://www.fci.be/en/nomenclature/
Bosnia and Herzegovina,2,Pinscher and Schnauzer / Scent hounds and related breeds,Bosnian And Herzegovinian - Croatian Shepherd Dog; Bosnian Broken-Haired Hound - Called Barak,44,18,https://www.fci.be/en/nomenclature/
Mexico,2,Companion and Toy Dogs / Spitz and primitive types,Chihuahua; Xoloitzcuintle,23,-102,https://www.fci.be/en/nomenclature/
Morocco,2,Pinscher and Schnauzer / Sighthounds,Atlas Mountain Dog (Aidi); Sloughi,32,-5,https://www.fci.be/en/nomenclature/
Thailand,2,Spitz and primitive types,Thai Bangkaew Dog; Thai Ridgeback Dog,15,100,https://www.fci.be/en/nomenclature/
Afghanistan,1,Sighthounds,Afghan Hound,33,65,https://www.fci.be/en/nomenclature/
Argentina,1,Pinscher and Schnauzer,Dogo Argentino,-34,-64,https://www.fci.be/en/nomenclature/
Cuba,1,Companion and Toy Dogs,Havanese,21.5,-80,https://www.fci.be/en/nomenclature/
Estonia,1,Scent hounds and related breeds,Estonian Hound,59,26,https://www.fci.be/en/nomenclature/
Greece,1,Scent hounds and related breeds,Hellenic Hound,39,22,https://www.fci.be/en/nomenclature/
Greenland,1,Spitz and primitive types,Greenland Dog,72,-40,https://www.fci.be/en/nomenclature/
Iceland,1,Spitz and primitive types,Icelandic Sheepdog,65,-18,https://www.fci.be/en/nomenclature/
Indonesia,1,Spitz and primitive types,Kintamani-Bali Dog,-5,120,https://www.fci.be/en/nomenclature/
Israel,1,Spitz and primitive types,Canaan Dog,31.5,34.75,https://www.fci.be/en/nomenclature/
Kazakhstan,1,Sighthounds,Kazakh Tazy,48,68,https://www.fci.be/en/nomenclature/
Madagascar,1,Companion and Toy Dogs,Coton De Tulear,-20,47,https://www.fci.be/en/nomenclature/
Mali,1,Sighthounds,Azawakh,17,-4,https://www.fci.be/en/nomenclature/
Malta,1,Spitz and primitive types,Pharaoh Hound,35.83333333,14.58333333,https://www.fci.be/en/nomenclature/
Montenegro,1,Scent hounds and related breeds,Montenegrin Mountain Hound,42.7,19.3,https://www.fci.be/en/nomenclature/
North Macedonia,1,Pinscher and Schnauzer,Yugoslavian Shepherd Dog - Sharplanina,41.6,21.7,https://www.fci.be/en/nomenclature/
Peru,1,Spitz and primitive types,Peruvian Hairless Dog,-10,-76,https://www.fci.be/en/nomenclature/
Slovenia,1,Pinscher and Schnauzer,Karst Shepherd Dog,46.11666666,14.81666666,https://www.fci.be/en/nomenclature/
South Africa,1,Scent hounds and related breeds,Rhodesian Ridgeback,-29,24,https://www.fci.be/en/nomenclature/
South Korea,1,Spitz and primitive types,Korea Jindo Dog,37,127.5,https://www.fci.be/en/nomenclature/
Taiwan,1,Spitz and primitive types,Taiwan Dog,23.5,121,https://www.fci.be/en/nomenclature/
Türkiye,1,Pinscher and Schnauzer,Kangal Shepherd Dog,39,35,https://www.fci.be/en/nomenclature/
Uruguay,1,Pinscher and Schnauzer,Cimarrón Uruguayo,-33,-56,https://www.fci.be/en/nomenclature/
