Breed,Country,Breed_Group,Section,Joint_Origin,Original_FCI_Origin,FCI_URL
English Pointer,United Kingdom,Pointing Dogs,British and Irish Pointers and Setters,No,GREAT BRITAIN,https://www.fci.be/en/nomenclature/ENGLISH-POINTER-1.html
English Setter,United Kingdom,Pointing Dogs,British and Irish Pointers and Setters,No,GREAT BRITAIN,https://www.fci.be/en/nomenclature/ENGLISH-SETTER-2.html
Kerry Blue Terrier,Ireland,Terriers,Large and medium sized Terriers,No,IRELAND,https://www.fci.be/en/nomenclature/KERRY-BLUE-TERRIER-3.html
Cairn Terrier,United Kingdom,Terriers,Small sized Terriers,No,GREAT BRITAIN,https://www.fci.be/en/nomenclature/CAIRN-TERRIER-4.html
English Cocker Spaniel,United Kingdom,Retrievers,Flushing Dogs,No,GREAT BRITAIN,https://www.fci.be/en/nomenclature/ENGLISH-COCKER-SPANIEL-5.html
Gordon Setter,United Kingdom,Pointing Dogs,British and Irish Pointers and Setters,No,GREAT BRITAIN,https://www.fci.be/en/nomenclature/GORDON-SETTER-6.html
Airedale Terrier,United Kingdom,Terriers,Large and medium sized Terriers,No,GREAT BRITAIN,https://www.fci.be/en/nomenclature/AIREDALE-TERRIER-7.html
Australian Terrier,Australia,Terriers,Small sized Terriers,No,AUSTRALIA,https://www.fci.be/en/nomenclature/AUSTRALIAN-TERRIER-8.html
Bedlington Terrier,United Kingdom,Terriers,Large and medium sized Terriers,No,GREAT BRITAIN,https://www.fci.be/en/nomenclature/BEDLINGTON-TERRIER-9.html
Border Terrier,United Kingdom,Terriers,Large and medium sized Terriers,No,GREAT BRITAIN,https://www.fci.be/en/nomenclature/BORDER-TERRIER-10.html
Bull Terrier,United Kingdom,Terriers,Bull type Terriers,No,GREAT BRITAIN,https://www.fci.be/en/nomenclature/BULL-TERRIER-11.html
Fox Terrier (Smooth),United Kingdom,Terriers,Large and medium sized Terriers,No,GREAT BRITAIN,https://www.fci.be/en/nomenclature/FOX-TERRIER-SMOOTH-12.html
English Toy Terrier (Black &Tan),United Kingdom,Terriers,Toy Terriers,No,GREAT BRITAIN,https://www.fci.be/en/nomenclature/ENGLISH-TOY-TERRIER-BLACK-TAN-13.html
Swedish Vallhund,Sweden,Spitz and primitive types,Nordic Watchdogs and Herders,No,SWEDEN,https://www.fci.be/en/nomenclature/SWEDISH-VALLHUND-14.html
Belgian Shepherd Dog,Belgium,Sheepdogs and Cattledogs,Sheepdogs,No,BELGIUM,https://www.fci.be/en/nomenclature/BELGIAN-SHEPHERD-DOG-15.html
Old English Sheepdog,United Kingdom,Sheepdogs and Cattledogs,Sheepdogs,No,GREAT BRITAIN,https://www.fci.be/en/nomenclature/OLD-ENGLISH-SHEEPDOG-16.html
Griffon Nivernais,France,Scent hounds and related breeds,Scent hounds,No,FRANCE,https://www.fci.be/en/nomenclature/GRIFFON-NIVERNAIS-17.html
Briquet Griffon Vendeen,France,Scent hounds and related breeds,Scent hounds,No,FRANCE,https://www.fci.be/en/nomenclature/BRIQUET-GRIFFON-VENDEEN-19.html
Ariegeois,France,Scent hounds and related breeds,Scent hounds,No,FRANCE,https://www.fci.be/en/nomenclature/ARIEGEOIS-20.html
Gascon Saintongeois,France,Scent hounds and related breeds,Scent hounds,No,FRANCE,https://www.fci.be/en/nomenclature/GASCON-SAINTONGEOIS-21.html
Great Gascony Blue,France,Scent hounds and related breeds,Scent hounds,No,FRANCE,https://www.fci.be/en/nomenclature/GREAT-GASCONY-BLUE-22.html
Poitevin,France,Scent hounds and related breeds,Scent hounds,No,FRANCE,https://www.fci.be/en/nomenclature/POITEVIN-24.html
Billy,France,Scent hounds and related breeds,Scent hounds,No,FRANCE,https://www.fci.be/en/nomenclature/BILLY-25.html
Artois Hound,France,Scent hounds and related breeds,Scent hounds,No,FRANCE,https://www.fci.be/en/nomenclature/ARTOIS-HOUND-28.html
Porcelaine,France,Scent hounds and related breeds,Scent hounds,No,FRANCE,https://www.fci.be/en/nomenclature/PORCELAINE-30.html
Small Blue Gascony,France,Scent hounds and related breeds,Scent hounds,No,FRANCE,https://www.fci.be/en/nomenclature/SMALL-BLUE-GASCONY-31.html
Blue Gascony Griffon,France,Scent hounds and related breeds,Scent hounds,No,FRANCE,https://www.fci.be/en/nomenclature/BLUE-GASCONY-GRIFFON-32.html
Grand Basset Griffon Vendeen,France,Scent hounds and related breeds,Scent hounds,No,FRANCE,https://www.fci.be/en/nomenclature/GRAND-BASSET-GRIFFON-VENDEEN-33.html
Norman Artesien Basset,France,Scent hounds and related breeds,Scent hounds,No,FRANCE,https://www.fci.be/en/nomenclature/NORMAN-ARTESIEN-BASSET-34.html
Blue Gascony Basset,France,Scent hounds and related breeds,Scent hounds,No,FRANCE,https://www.fci.be/en/nomenclature/BLUE-GASCONY-BASSET-35.html
Basset Fauve De Bretagne,France,Scent hounds and related breeds,Scent hounds,No,FRANCE,https://www.fci.be/en/nomenclature/BASSET-FAUVE-DE-BRETAGNE-36.html
Portuguese Water Dog,Portugal,Retrievers,Water Dogs,No,PORTUGAL,https://www.fci.be/en/nomenclature/PORTUGUESE-WATER-DOG-37.html
Welsh Corgi (Cardigan),United Kingdom,Sheepdogs and Cattledogs,Cattledogs (except Swiss Cattledogs),No,GREAT BRITAIN,https://www.fci.be/en/nomenclature/WELSH-CORGI-CARDIGAN-38.html
Welsh Corgi (Pembroke),United Kingdom,Sheepdogs and Cattledogs,Cattledogs (except Swiss Cattledogs),No,GREAT BRITAIN,https://www.fci.be/en/nomenclature/WELSH-CORGI-PEMBROKE-39.html
Irish Soft Coated Wheaten Terrier,Ireland,Terriers,Large and medium sized Terriers,No,IRELAND,https://www.fci.be/en/nomenclature/IRISH-SOFT-COATED-WHEATEN-TERRIER-40.html
Yugoslavian Shepherd Dog - Sharplanina,North Macedonia,Pinscher and Schnauzer,Molossian type,Yes,"NORTH MACEDONIA, SERBIA",https://www.fci.be/en/nomenclature/YUGOSLAVIAN-SHEPHERD-DOG-SHARPLANINA-41.html
Yugoslavian Shepherd Dog - Sharplanina,Serbia,Pinscher and Schnauzer,Molossian type,Yes,"NORTH MACEDONIA, SERBIA",https://www.fci.be/en/nomenclature/YUGOSLAVIAN-SHEPHERD-DOG-SHARPLANINA-41.html
Jämthund,Sweden,Spitz and primitive types,Nordic Hunting Dogs,No,SWEDEN,https://www.fci.be/en/nomenclature/JAMTHUND-42.html
Beauce Sheepdog,France,Sheepdogs and Cattledogs,Sheepdogs,No,FRANCE,https://www.fci.be/en/nomenclature/BEAUCE-SHEEPDOG-44.html
Bernese Mountain Dog,Switzerland,Pinscher and Schnauzer,Swiss Mountain- and Cattledogs,No,SWITZERLAND,https://www.fci.be/en/nomenclature/BERNESE-MOUNTAIN-DOG-45.html
Appenzell Cattle Dog,Switzerland,Pinscher and Schnauzer,Swiss Mountain- and Cattledogs,No,SWITZERLAND,https://www.fci.be/en/nomenclature/APPENZELL-CATTLE-DOG-46.html
Entlebuch Cattle Dog,Switzerland,Pinscher and Schnauzer,Swiss Mountain- and Cattledogs,No,SWITZERLAND,https://www.fci.be/en/nomenclature/ENTLEBUCH-CATTLE-DOG-47.html
Karelian Bear Dog,Finland,Spitz and primitive types,Nordic Hunting Dogs,No,FINLAND,https://www.fci.be/en/nomenclature/KARELIAN-BEAR-DOG-48.html
Finnish Spitz,Finland,Spitz and primitive types,Nordic Hunting Dogs,No,FINLAND,https://www.fci.be/en/nomenclature/FINNISH-SPITZ-49.html
Newfoundland,Canada,Pinscher and Schnauzer,Molossian type,No,CANADA,https://www.fci.be/en/nomenclature/NEWFOUNDLAND-50.html
Finnish Hound,Finland,Scent hounds and related breeds,Scent hounds,No,FINLAND,https://www.fci.be/en/nomenclature/FINNISH-HOUND-51.html
Polish Hound,Poland,Scent hounds and related breeds,Scent hounds,No,POLAND,https://www.fci.be/en/nomenclature/POLISH-HOUND-52.html
Komondor,Hungary,Sheepdogs and Cattledogs,Sheepdogs,No,HUNGARY,https://www.fci.be/en/nomenclature/KOMONDOR-53.html
Kuvasz,Hungary,Sheepdogs and Cattledogs,Sheepdogs,No,HUNGARY,https://www.fci.be/en/nomenclature/KUVASZ-54.html
Puli,Hungary,Sheepdogs and Cattledogs,Sheepdogs,No,HUNGARY,https://www.fci.be/en/nomenclature/PULI-55.html
Pumi,Hungary,Sheepdogs and Cattledogs,Sheepdogs,No,HUNGARY,https://www.fci.be/en/nomenclature/PUMI-56.html
Hungarian Short-Haired Pointer (Vizsla),Hungary,Pointing Dogs,Continental Pointing Dogs,No,HUNGARY,https://www.fci.be/en/nomenclature/HUNGARIAN-SHORT-HAIRED-POINTER-VIZSLA-57.html
Great Swiss Mountain Dog,Switzerland,Pinscher and Schnauzer,Swiss Mountain- and Cattledogs,No,SWITZERLAND,https://www.fci.be/en/nomenclature/GREAT-SWISS-MOUNTAIN-DOG-58.html
Swiss Hound,Switzerland,Scent hounds and related breeds,Scent hounds,No,SWITZERLAND,https://www.fci.be/en/nomenclature/SWISS-HOUND-59.html
Small Swiss Hound,Switzerland,Scent hounds and related breeds,Scent hounds,No,SWITZERLAND,https://www.fci.be/en/nomenclature/SMALL-SWISS-HOUND-60.html
St. Bernard,Switzerland,Pinscher and Schnauzer,Molossian type,No,SWITZERLAND,https://www.fci.be/en/nomenclature/ST-BERNARD-61.html
Coarse-Haired Styrian Hound,Austria,Scent hounds and related breeds,Scent hounds,No,AUSTRIA,https://www.fci.be/en/nomenclature/COARSE-HAIRED-STYRIAN-HOUND-62.html
Austrian Black And Tan Hound,Austria,Scent hounds and related breeds,Scent hounds,No,AUSTRIA,https://www.fci.be/en/nomenclature/AUSTRIAN-BLACK-AND-TAN-HOUND-63.html
Austrian  Pinscher,Austria,Pinscher and Schnauzer,Pinscher and Schnauzer type,No,AUSTRIA,https://www.fci.be/en/nomenclature/AUSTRIAN-PINSCHER-64.html
Fawn Brittany Griffon,France,Scent hounds and related breeds,Scent hounds,No,FRANCE,https://www.fci.be/en/nomenclature/FAWN-BRITTANY-GRIFFON-66.html
Petit Basset Griffon Vendeen,France,Scent hounds and related breeds,Scent hounds,No,FRANCE,https://www.fci.be/en/nomenclature/PETIT-BASSET-GRIFFON-VENDEEN-67.html
Tyrolean Hound,Austria,Scent hounds and related breeds,Scent hounds,No,AUSTRIA,https://www.fci.be/en/nomenclature/TYROLEAN-HOUND-68.html
Lakeland Terrier,United Kingdom,Terriers,Large and medium sized Terriers,No,GREAT BRITAIN,https://www.fci.be/en/nomenclature/LAKELAND-TERRIER-70.html
Manchester Terrier,United Kingdom,Terriers,Large and medium sized Terriers,No,GREAT BRITAIN,https://www.fci.be/en/nomenclature/MANCHESTER-TERRIER-71.html
Norwich Terrier,United Kingdom,Terriers,Small sized Terriers,No,GREAT BRITAIN,https://www.fci.be/en/nomenclature/NORWICH-TERRIER-72.html
Scottish Terrier,United Kingdom,Terriers,Small sized Terriers,No,GREAT BRITAIN,https://www.fci.be/en/nomenclature/SCOTTISH-TERRIER-73.html
Sealyham Terrier,United Kingdom,Terriers,Small sized Terriers,No,GREAT BRITAIN,https://www.fci.be/en/nomenclature/SEALYHAM-TERRIER-74.html
Skye Terrier,United Kingdom,Terriers,Small sized Terriers,No,GREAT BRITAIN,https://www.fci.be/en/nomenclature/SKYE-TERRIER-75.html
Staffordshire Bull Terrier,United Kingdom,Terriers,Bull type Terriers,No,GREAT BRITAIN,https://www.fci.be/en/nomenclature/STAFFORDSHIRE-BULL-TERRIER-76.html
Continental Toy Spaniel,Belgium,Companion and Toy Dogs,Continental Toy Spaniel and others,Yes,"BELGIUM, FRANCE",https://www.fci.be/en/nomenclature/CONTINENTAL-TOY-SPANIEL-77.html
Continental Toy Spaniel,France,Companion and Toy Dogs,Continental Toy Spaniel and others,Yes,"BELGIUM, FRANCE",https://www.fci.be/en/nomenclature/CONTINENTAL-TOY-SPANIEL-77.html
Welsh Terrier,United Kingdom,Terriers,Large and medium sized Terriers,No,GREAT BRITAIN,https://www.fci.be/en/nomenclature/WELSH-TERRIER-78.html
Griffon Bruxellois,Belgium,Companion and Toy Dogs,Small Belgian Dogs,No,BELGIUM,https://www.fci.be/en/nomenclature/GRIFFON-BRUXELLOIS-80.html
Griffon Belge,Belgium,Companion and Toy Dogs,Small Belgian Dogs,No,BELGIUM,https://www.fci.be/en/nomenclature/GRIFFON-BELGE-81.html
Petit Brabançon,Belgium,Companion and Toy Dogs,Small Belgian Dogs,No,BELGIUM,https://www.fci.be/en/nomenclature/PETIT-BRABANCON-82.html
Schipperke,Belgium,Sheepdogs and Cattledogs,Sheepdogs,No,BELGIUM,https://www.fci.be/en/nomenclature/SCHIPPERKE-83.html
Bloodhound,Belgium,Scent hounds and related breeds,Scent hounds,No,BELGIUM,https://www.fci.be/en/nomenclature/BLOODHOUND-84.html
West Highland White Terrier,United Kingdom,Terriers,Small sized Terriers,No,GREAT BRITAIN,https://www.fci.be/en/nomenclature/WEST-HIGHLAND-WHITE-TERRIER-85.html
Yorkshire Terrier,United Kingdom,Terriers,Toy Terriers,No,GREAT BRITAIN,https://www.fci.be/en/nomenclature/YORKSHIRE-TERRIER-86.html
Catalan Sheepdog,Spain,Sheepdogs and Cattledogs,Sheepdogs,No,SPAIN,https://www.fci.be/en/nomenclature/CATALAN-SHEEPDOG-87.html
Shetland Sheepdog,United Kingdom,Sheepdogs and Cattledogs,Sheepdogs,No,GREAT BRITAIN,https://www.fci.be/en/nomenclature/SHETLAND-SHEEPDOG-88.html
Ibizan Podenco,Spain,Spitz and primitive types,Primitive type - Hunting Dogs,No,SPAIN,https://www.fci.be/en/nomenclature/IBIZAN-PODENCO-89.html
Burgos Pointing Dog,Spain,Pointing Dogs,Continental Pointing Dogs,No,SPAIN,https://www.fci.be/en/nomenclature/BURGOS-POINTING-DOG-90.html
Spanish Mastiff,Spain,Pinscher and Schnauzer,Molossian type,No,SPAIN,https://www.fci.be/en/nomenclature/SPANISH-MASTIFF-91.html
Pyrenean Mastiff,Spain,Pinscher and Schnauzer,Molossian type,No,SPAIN,https://www.fci.be/en/nomenclature/PYRENEAN-MASTIFF-92.html
Portuguese Sheepdog,Portugal,Sheepdogs and Cattledogs,Sheepdogs,No,PORTUGAL,https://www.fci.be/en/nomenclature/PORTUGUESE-SHEEPDOG-93.html
Portuguese Warren Hound-Portuguese Podengo,Portugal,Spitz and primitive types,Primitive type - Hunting Dogs,No,PORTUGAL,https://www.fci.be/en/nomenclature/PORTUGUESE-WARREN-HOUND-PORTUGUESE-PODENGO-94.html
Brittany Spaniel,France,Pointing Dogs,Continental Pointing Dogs,No,FRANCE,https://www.fci.be/en/nomenclature/BRITTANY-SPANIEL-95.html
Rafeiro Of Alentejo,Portugal,Pinscher and Schnauzer,Molossian type,No,PORTUGAL,https://www.fci.be/en/nomenclature/RAFEIRO-OF-ALENTEJO-96.html
German Spitz,Germany,Spitz and primitive types,European Spitz,No,GERMANY,https://www.fci.be/en/nomenclature/GERMAN-SPITZ-97.html
German Wire- Haired Pointing Dog,Germany,Pointing Dogs,Continental Pointing Dogs,No,GERMANY,https://www.fci.be/en/nomenclature/GERMAN-WIRE-HAIRED-POINTING-DOG-98.html
Weimaraner,Germany,Pointing Dogs,Continental Pointing Dogs,No,GERMANY,https://www.fci.be/en/nomenclature/WEIMARANER-99.html
Westphalian Dachsbracke,Germany,Scent hounds and related breeds,Scent hounds,No,GERMANY,https://www.fci.be/en/nomenclature/WESTPHALIAN-DACHSBRACKE-100.html
French Bulldog,France,Companion and Toy Dogs,Small Molossian type Dogs,No,FRANCE,https://www.fci.be/en/nomenclature/FRENCH-BULLDOG-101.html
Kleiner Münsterländer,Germany,Pointing Dogs,Continental Pointing Dogs,No,GERMANY,https://www.fci.be/en/nomenclature/KLEINER-MUNSTERLANDER-102.html
German Hunting Terrier,Germany,Terriers,Large and medium sized Terriers,No,GERMANY,https://www.fci.be/en/nomenclature/GERMAN-HUNTING-TERRIER-103.html
German Spaniel,Germany,Retrievers,Flushing Dogs,No,GERMANY,https://www.fci.be/en/nomenclature/GERMAN-SPANIEL-104.html
French Water Dog,France,Retrievers,Water Dogs,No,FRANCE,https://www.fci.be/en/nomenclature/FRENCH-WATER-DOG-105.html
Blue Picardy Spaniel,France,Pointing Dogs,Continental Pointing Dogs,No,FRANCE,https://www.fci.be/en/nomenclature/BLUE-PICARDY-SPANIEL-106.html
Wire-Haired Pointing Griffon Korthals,France,Pointing Dogs,Continental Pointing Dogs,No,FRANCE,https://www.fci.be/en/nomenclature/WIRE-HAIRED-POINTING-GRIFFON-KORTHALS-107.html
Picardy Spaniel,France,Pointing Dogs,Continental Pointing Dogs,No,FRANCE,https://www.fci.be/en/nomenclature/PICARDY-SPANIEL-108.html
Clumber Spaniel,United Kingdom,Retrievers,Flushing Dogs,No,GREAT BRITAIN,https://www.fci.be/en/nomenclature/CLUMBER-SPANIEL-109.html
Curly Coated Retriever,United Kingdom,Retrievers,Retrievers,No,GREAT BRITAIN,https://www.fci.be/en/nomenclature/CURLY-COATED-RETRIEVER-110.html
Golden Retriever,United Kingdom,Retrievers,Retrievers,No,GREAT BRITAIN,https://www.fci.be/en/nomenclature/GOLDEN-RETRIEVER-111.html
Briard,France,Sheepdogs and Cattledogs,Sheepdogs,No,FRANCE,https://www.fci.be/en/nomenclature/BRIARD-113.html
Pont-Audemer Spaniel,France,Pointing Dogs,Continental Pointing Dogs,No,FRANCE,https://www.fci.be/en/nomenclature/PONT-AUDEMER-SPANIEL-114.html
Saint Germain Pointer,France,Pointing Dogs,Continental Pointing Dogs,No,FRANCE,https://www.fci.be/en/nomenclature/SAINT-GERMAIN-POINTER-115.html
Dogue De Bordeaux,France,Pinscher and Schnauzer,Molossian type,No,FRANCE,https://www.fci.be/en/nomenclature/DOGUE-DE-BORDEAUX-116.html
Deutsch Langhaar,Germany,Pointing Dogs,Continental Pointing Dogs,No,GERMANY,https://www.fci.be/en/nomenclature/DEUTSCH-LANGHAAR-117.html
Large Munsterlander,Germany,Pointing Dogs,Continental Pointing Dogs,No,GERMANY,https://www.fci.be/en/nomenclature/LARGE-MUNSTERLANDER-118.html
German Short- Haired Pointing Dog,Germany,Pointing Dogs,Continental Pointing Dogs,No,GERMANY,https://www.fci.be/en/nomenclature/GERMAN-SHORT-HAIRED-POINTING-DOG-119.html
Irish Red Setter,Ireland,Pointing Dogs,British and Irish Pointers and Setters,No,IRELAND,https://www.fci.be/en/nomenclature/IRISH-RED-SETTER-120.html
Flat Coated Retriever,United Kingdom,Retrievers,Retrievers,No,GREAT BRITAIN,https://www.fci.be/en/nomenclature/FLAT-COATED-RETRIEVER-121.html
Labrador Retriever,United Kingdom,Retrievers,Retrievers,No,GREAT BRITAIN,https://www.fci.be/en/nomenclature/LABRADOR-RETRIEVER-122.html
Field Spaniel,United Kingdom,Retrievers,Flushing Dogs,No,GREAT BRITAIN,https://www.fci.be/en/nomenclature/FIELD-SPANIEL-123.html
Irish Water Spaniel,Ireland,Retrievers,Water Dogs,No,IRELAND,https://www.fci.be/en/nomenclature/IRISH-WATER-SPANIEL-124.html
English Springer Spaniel,United Kingdom,Retrievers,Flushing Dogs,No,GREAT BRITAIN,https://www.fci.be/en/nomenclature/ENGLISH-SPRINGER-SPANIEL-125.html
Welsh Springer Spaniel,United Kingdom,Retrievers,Flushing Dogs,No,GREAT BRITAIN,https://www.fci.be/en/nomenclature/WELSH-SPRINGER-SPANIEL-126.html
Sussex Spaniel,United Kingdom,Retrievers,Flushing Dogs,No,GREAT BRITAIN,https://www.fci.be/en/nomenclature/SUSSEX-SPANIEL-127.html
King Charles Spaniel,United Kingdom,Companion and Toy Dogs,English Toy Spaniels,No,GREAT BRITAIN,https://www.fci.be/en/nomenclature/KING-CHARLES-SPANIEL-128.html
Smålandsstövare,Sweden,Scent hounds and related breeds,Scent hounds,No,SWEDEN,https://www.fci.be/en/nomenclature/SMALANDSSTOVARE-129.html
Drever,Sweden,Scent hounds and related breeds,Scent hounds,No,SWEDEN,https://www.fci.be/en/nomenclature/DREVER-130.html
Schillerstövare,Sweden,Scent hounds and related breeds,Scent hounds,No,SWEDEN,https://www.fci.be/en/nomenclature/SCHILLERSTOVARE-131.html
Hamiltonstövare,Sweden,Scent hounds and related breeds,Scent hounds,No,SWEDEN,https://www.fci.be/en/nomenclature/HAMILTONSTOVARE-132.html
French Pointing Dog - Gascogne Type,France,Pointing Dogs,Continental Pointing Dogs,No,FRANCE,https://www.fci.be/en/nomenclature/FRENCH-POINTING-DOG-GASCOGNE-TYPE-133.html
French Pointing Dog - Pyrenean Type,France,Pointing Dogs,Continental Pointing Dogs,No,FRANCE,https://www.fci.be/en/nomenclature/FRENCH-POINTING-DOG-PYRENEAN-TYPE-134.html
Swedish Lapphund,Sweden,Spitz and primitive types,Nordic Watchdogs and Herders,No,SWEDEN,https://www.fci.be/en/nomenclature/SWEDISH-LAPPHUND-135.html
Cavalier King Charles Spaniel,United Kingdom,Companion and Toy Dogs,English Toy Spaniels,No,GREAT BRITAIN,https://www.fci.be/en/nomenclature/CAVALIER-KING-CHARLES-SPANIEL-136.html
Pyrenean Mountain Dog,France,Pinscher and Schnauzer,Molossian type,No,FRANCE,https://www.fci.be/en/nomenclature/PYRENEAN-MOUNTAIN-DOG-137.html
Pyrenean Sheepdog - Smooth Faced,France,Sheepdogs and Cattledogs,Sheepdogs,No,FRANCE,https://www.fci.be/en/nomenclature/PYRENEAN-SHEEPDOG-SMOOTH-FACED-138.html
Irish Terrier,Ireland,Terriers,Large and medium sized Terriers,No,IRELAND,https://www.fci.be/en/nomenclature/IRISH-TERRIER-139.html
Boston Terrier,United States of America,Companion and Toy Dogs,Small Molossian type Dogs,No,UNITED STATES OF AMERICA,https://www.fci.be/en/nomenclature/BOSTON-TERRIER-140.html
Long-Haired Pyrenean Sheepdog,France,Sheepdogs and Cattledogs,Sheepdogs,No,FRANCE,https://www.fci.be/en/nomenclature/LONG-HAIRED-PYRENEAN-SHEEPDOG-141.html
Slovakian Chuvach,Slovakia,Sheepdogs and Cattledogs,Sheepdogs,No,SLOVAKIA,https://www.fci.be/en/nomenclature/SLOVAKIAN-CHUVACH-142.html
Dobermann,Germany,Pinscher and Schnauzer,Pinscher and Schnauzer type,No,GERMANY,https://www.fci.be/en/nomenclature/DOBERMANN-143.html
Boxer,Germany,Pinscher and Schnauzer,Molossian type,No,GERMANY,https://www.fci.be/en/nomenclature/BOXER-144.html
Leonberger,Germany,Pinscher and Schnauzer,Molossian type,No,GERMANY,https://www.fci.be/en/nomenclature/LEONBERGER-145.html
Rhodesian Ridgeback,South Africa,Scent hounds and related breeds,Related breeds,No,SOUTH AFRICA,https://www.fci.be/en/nomenclature/RHODESIAN-RIDGEBACK-146.html
Rottweiler,Germany,Pinscher and Schnauzer,Molossian type,No,GERMANY,https://www.fci.be/en/nomenclature/ROTTWEILER-147.html
Dachshund,Germany,Dachshunds,,No,GERMANY,https://www.fci.be/en/nomenclature/DACHSHUND-148.html
Bulldog,United Kingdom,Pinscher and Schnauzer,Molossian type,No,GREAT BRITAIN,https://www.fci.be/en/nomenclature/BULLDOG-149.html
Serbian Hound,Serbia,Scent hounds and related breeds,Scent hounds,No,SERBIA,https://www.fci.be/en/nomenclature/SERBIAN-HOUND-150.html
Istrian Short-Haired Hound,Croatia,Scent hounds and related breeds,Scent hounds,No,CROATIA,https://www.fci.be/en/nomenclature/ISTRIAN-SHORT-HAIRED-HOUND-151.html
Istrian Wire-Haired Hound,Croatia,Scent hounds and related breeds,Scent hounds,No,CROATIA,https://www.fci.be/en/nomenclature/ISTRIAN-WIRE-HAIRED-HOUND-152.html
Dalmatian,Croatia,Scent hounds and related breeds,Related breeds,No,CROATIA,https://www.fci.be/en/nomenclature/DALMATIAN-153.html
Posavatz Hound,Croatia,Scent hounds and related breeds,Scent hounds,No,CROATIA,https://www.fci.be/en/nomenclature/POSAVATZ-HOUND-154.html
Bosnian Broken-Haired Hound - Called Barak,Bosnia and Herzegovina,Scent hounds and related breeds,Scent hounds,No,BOSNIA AND HERZEGOVINA,https://www.fci.be/en/nomenclature/BOSNIAN-BROKEN-HAIRED-HOUND-CALLED-BARAK-155.html
Collie Rough,United Kingdom,Sheepdogs and Cattledogs,Sheepdogs,No,GREAT BRITAIN,https://www.fci.be/en/nomenclature/COLLIE-ROUGH-156.html
Bullmastiff,United Kingdom,Pinscher and Schnauzer,Molossian type,No,GREAT BRITAIN,https://www.fci.be/en/nomenclature/BULLMASTIFF-157.html
Greyhound,United Kingdom,Sighthounds,Short-haired Sighthounds,No,GREAT BRITAIN,https://www.fci.be/en/nomenclature/GREYHOUND-158.html
English Foxhound,United Kingdom,Scent hounds and related breeds,Scent hounds,No,GREAT BRITAIN,https://www.fci.be/en/nomenclature/ENGLISH-FOXHOUND-159.html
Irish Wolfhound,Ireland,Sighthounds,Rough-haired Sighthounds,No,IRELAND,https://www.fci.be/en/nomenclature/IRISH-WOLFHOUND-160.html
Beagle,United Kingdom,Scent hounds and related breeds,Scent hounds,No,GREAT BRITAIN,https://www.fci.be/en/nomenclature/BEAGLE-161.html
Whippet,United Kingdom,Sighthounds,Short-haired Sighthounds,No,GREAT BRITAIN,https://www.fci.be/en/nomenclature/WHIPPET-162.html
Basset Hound,United Kingdom,Scent hounds and related breeds,Scent hounds,No,GREAT BRITAIN,https://www.fci.be/en/nomenclature/BASSET-HOUND-163.html
Deerhound,United Kingdom,Sighthounds,Rough-haired Sighthounds,No,GREAT BRITAIN,https://www.fci.be/en/nomenclature/DEERHOUND-164.html
Italian Spinone,Italy,Pointing Dogs,Continental Pointing Dogs,No,ITALY,https://www.fci.be/en/nomenclature/ITALIAN-SPINONE-165.html
German Shepherd Dog,Germany,Sheepdogs and Cattledogs,Sheepdogs,No,GERMANY,https://www.fci.be/en/nomenclature/GERMAN-SHEPHERD-DOG-166.html
American Cocker Spaniel,United States of America,Retrievers,Flushing Dogs,No,UNITED STATES OF AMERICA,https://www.fci.be/en/nomenclature/AMERICAN-COCKER-SPANIEL-167.html
Dandie Dinmont Terrier,United Kingdom,Terriers,Small sized Terriers,No,GREAT BRITAIN,https://www.fci.be/en/nomenclature/DANDIE-DINMONT-TERRIER-168.html
Fox Terrier (Wire),United Kingdom,Terriers,Large and medium sized Terriers,No,GREAT BRITAIN,https://www.fci.be/en/nomenclature/FOX-TERRIER-WIRE-169.html
Castro Laboreiro Dog,Portugal,Pinscher and Schnauzer,Molossian type,No,PORTUGAL,https://www.fci.be/en/nomenclature/CASTRO-LABOREIRO-DOG-170.html
Bouvier Des Ardennes,Belgium,Sheepdogs and Cattledogs,Cattledogs (except Swiss Cattledogs),No,BELGIUM,https://www.fci.be/en/nomenclature/BOUVIER-DES-ARDENNES-171.html
Poodle,France,Companion and Toy Dogs,Poodle,No,FRANCE,https://www.fci.be/en/nomenclature/POODLE-172.html
Estrela Mountain Dog,Portugal,Pinscher and Schnauzer,Molossian type,No,PORTUGAL,https://www.fci.be/en/nomenclature/ESTRELA-MOUNTAIN-DOG-173.html
French Spaniel,France,Pointing Dogs,Continental Pointing Dogs,No,FRANCE,https://www.fci.be/en/nomenclature/FRENCH-SPANIEL-175.html
Picardy Sheepdog,France,Sheepdogs and Cattledogs,Sheepdogs,No,FRANCE,https://www.fci.be/en/nomenclature/PICARDY-SHEEPDOG-176.html
Ariege Pointing Dog,France,Pointing Dogs,Continental Pointing Dogs,No,FRANCE,https://www.fci.be/en/nomenclature/ARIEGE-POINTING-DOG-177.html
Bourbonnais Pointing Dog,France,Pointing Dogs,Continental Pointing Dogs,No,FRANCE,https://www.fci.be/en/nomenclature/BOURBONNAIS-POINTING-DOG-179.html
Auvergne Pointer,France,Pointing Dogs,Continental Pointing Dogs,No,FRANCE,https://www.fci.be/en/nomenclature/AUVERGNE-POINTER-180.html
Giant Schnauzer,Germany,Pinscher and Schnauzer,Pinscher and Schnauzer type,No,GERMANY,https://www.fci.be/en/nomenclature/GIANT-SCHNAUZER-181.html
Schnauzer,Germany,Pinscher and Schnauzer,Pinscher and Schnauzer type,No,GERMANY,https://www.fci.be/en/nomenclature/SCHNAUZER-182.html
Miniature Schnauzer,Germany,Pinscher and Schnauzer,Pinscher and Schnauzer type,No,GERMANY,https://www.fci.be/en/nomenclature/MINIATURE-SCHNAUZER-183.html
German Pinscher,Germany,Pinscher and Schnauzer,Pinscher and Schnauzer type,No,GERMANY,https://www.fci.be/en/nomenclature/GERMAN-PINSCHER-184.html
Miniature Pinscher,Germany,Pinscher and Schnauzer,Pinscher and Schnauzer type,No,GERMANY,https://www.fci.be/en/nomenclature/MINIATURE-PINSCHER-185.html
Affenpinscher,Germany,Pinscher and Schnauzer,Pinscher and Schnauzer type,No,GERMANY,https://www.fci.be/en/nomenclature/AFFENPINSCHER-186.html
Portuguese Pointing Dog,Portugal,Pointing Dogs,Continental Pointing Dogs,No,PORTUGAL,https://www.fci.be/en/nomenclature/PORTUGUESE-POINTING-DOG-187.html
Sloughi,Morocco,Sighthounds,Short-haired Sighthounds,No,MOROCCO,https://www.fci.be/en/nomenclature/SLOUGHI-188.html
Finnish Lapponian Dog,Finland,Spitz and primitive types,Nordic Watchdogs and Herders,No,FINLAND,https://www.fci.be/en/nomenclature/FINNISH-LAPPONIAN-DOG-189.html
Hovawart,Germany,Pinscher and Schnauzer,Molossian type,No,GERMANY,https://www.fci.be/en/nomenclature/HOVAWART-190.html
Bouvier Des Flandres,Belgium,Sheepdogs and Cattledogs,Cattledogs (except Swiss Cattledogs),Yes,"BELGIUM, FRANCE",https://www.fci.be/en/nomenclature/BOUVIER-DES-FLANDRES-191.html
Bouvier Des Flandres,France,Sheepdogs and Cattledogs,Cattledogs (except Swiss Cattledogs),Yes,"BELGIUM, FRANCE",https://www.fci.be/en/nomenclature/BOUVIER-DES-FLANDRES-191.html
Kromfohrländer,Germany,Companion and Toy Dogs,Kromfohrländer,No,GERMANY,https://www.fci.be/en/nomenclature/KROMFOHRLANDER-192.html
Borzoi - Russian Hunting Sighthound,Russia,Sighthounds,Long-haired or fringed Sighthounds,No,RUSSIAN FEDERATION,https://www.fci.be/en/nomenclature/BORZOI-RUSSIAN-HUNTING-SIGHTHOUND-193.html
Bergamasco Shepherd Dog,Italy,Sheepdogs and Cattledogs,Sheepdogs,No,ITALY,https://www.fci.be/en/nomenclature/BERGAMASCO-SHEPHERD-DOG-194.html
Italian Volpino,Italy,Spitz and primitive types,European Spitz,No,ITALY,https://www.fci.be/en/nomenclature/ITALIAN-VOLPINO-195.html
Bolognese,Italy,Companion and Toy Dogs,Bichons and related breeds,No,ITALY,https://www.fci.be/en/nomenclature/BOLOGNESE-196.html
Neapolitan Mastiff,Italy,Pinscher and Schnauzer,Molossian type,No,ITALY,https://www.fci.be/en/nomenclature/NEAPOLITAN-MASTIFF-197.html
Italian Rough-Haired Segugio,Italy,Scent hounds and related breeds,Scent hounds,No,ITALY,https://www.fci.be/en/nomenclature/ITALIAN-ROUGH-HAIRED-SEGUGIO-198.html
Cirneco Dell'Etna,Italy,Spitz and primitive types,Primitive type - Hunting Dogs,No,ITALY,https://www.fci.be/en/nomenclature/CIRNECO-DELL-ETNA-199.html
Italian Sighthound,Italy,Sighthounds,Short-haired Sighthounds,No,ITALY,https://www.fci.be/en/nomenclature/ITALIAN-SIGHTHOUND-200.html
Maremma And The Abruzzes Sheepdog,Italy,Sheepdogs and Cattledogs,Sheepdogs,No,ITALY,https://www.fci.be/en/nomenclature/MAREMMA-AND-THE-ABRUZZES-SHEEPDOG-201.html
Italian Pointing Dog,Italy,Pointing Dogs,Continental Pointing Dogs,No,ITALY,https://www.fci.be/en/nomenclature/ITALIAN-POINTING-DOG-202.html
Norwegian Hound,Norway,Scent hounds and related breeds,Scent hounds,No,NORWAY,https://www.fci.be/en/nomenclature/NORWEGIAN-HOUND-203.html
Spanish Hound,Spain,Scent hounds and related breeds,Scent hounds,No,SPAIN,https://www.fci.be/en/nomenclature/SPANISH-HOUND-204.html
Chow Chow,China,Spitz and primitive types,Asian Spitz and related breeds,No,CHINA,https://www.fci.be/en/nomenclature/CHOW-CHOW-205.html
Japanese Chin,Japan,Companion and Toy Dogs,Japan Chin and Pekingese,No,JAPAN,https://www.fci.be/en/nomenclature/JAPANESE-CHIN-206.html
Pekingese,China,Companion and Toy Dogs,Japan Chin and Pekingese,No,CHINA,https://www.fci.be/en/nomenclature/PEKINGESE-207.html
Shih Tzu,China,Companion and Toy Dogs,Tibetan breeds,No,Tibet (China),https://www.fci.be/en/nomenclature/SHIH-TZU-208.html
Tibetan Terrier,China,Companion and Toy Dogs,Tibetan breeds,No,Tibet (China),https://www.fci.be/en/nomenclature/TIBETAN-TERRIER-209.html
Canadian Eskimo Dog,Canada,Spitz and primitive types,Nordic Sledge Dogs,No,CANADA,https://www.fci.be/en/nomenclature/CANADIAN-ESKIMO-DOG-211.html
Hanoverian Scent Hound,Germany,Scent hounds and related breeds,Leash (scent) Hounds,No,GERMANY,https://www.fci.be/en/nomenclature/HANOVERIAN-SCENT-HOUND-213.html
Hellenic Hound,Greece,Scent hounds and related breeds,Scent hounds,No,GREECE,https://www.fci.be/en/nomenclature/HELLENIC-HOUND-214.html
Bichon Frise,Belgium,Companion and Toy Dogs,Bichons and related breeds,Yes,"BELGIUM, FRANCE",https://www.fci.be/en/nomenclature/BICHON-FRISE-215.html
Bichon Frise,France,Companion and Toy Dogs,Bichons and related breeds,Yes,"BELGIUM, FRANCE",https://www.fci.be/en/nomenclature/BICHON-FRISE-215.html
Pudelpointer,Germany,Pointing Dogs,Continental Pointing Dogs,No,GERMANY,https://www.fci.be/en/nomenclature/PUDELPOINTER-216.html
Bavarian Mountain Scent Hound,Germany,Scent hounds and related breeds,Leash (scent) Hounds,No,GERMANY,https://www.fci.be/en/nomenclature/BAVARIAN-MOUNTAIN-SCENT-HOUND-217.html
Chihuahua,Mexico,Companion and Toy Dogs,Chihuahueno,No,MEXICO,https://www.fci.be/en/nomenclature/CHIHUAHUA-218.html
French Tricolour Hound,France,Scent hounds and related breeds,Scent hounds,No,FRANCE,https://www.fci.be/en/nomenclature/FRENCH-TRICOLOUR-HOUND-219.html
French White & Black Hound,France,Scent hounds and related breeds,Scent hounds,No,FRANCE,https://www.fci.be/en/nomenclature/FRENCH-WHITE-BLACK-HOUND-220.html
Wetterhoun,Netherlands,Retrievers,Water Dogs,No,THE NETHERLANDS,https://www.fci.be/en/nomenclature/WETTERHOUN-221.html
Stabijhoun,Netherlands,Pointing Dogs,Continental Pointing Dogs,No,THE NETHERLANDS,https://www.fci.be/en/nomenclature/STABIJHOUN-222.html
Dutch Shepherd Dog,Netherlands,Sheepdogs and Cattledogs,Sheepdogs,No,THE NETHERLANDS,https://www.fci.be/en/nomenclature/DUTCH-SHEPHERD-DOG-223.html
Drentsche Partridge Dog,Netherlands,Pointing Dogs,Continental Pointing Dogs,No,THE NETHERLANDS,https://www.fci.be/en/nomenclature/DRENTSCHE-PARTRIDGE-DOG-224.html
Fila Brasileiro,Brazil,Pinscher and Schnauzer,Molossian type,No,BRAZIL,https://www.fci.be/en/nomenclature/FILA-BRASILEIRO-225.html
Landseer (European Continental Type),Germany,Pinscher and Schnauzer,Molossian type,Yes,"GERMANY, SWITZERLAND",https://www.fci.be/en/nomenclature/LANDSEER-EUROPEAN-CONTINENTAL-TYPE-226.html
Landseer (European Continental Type),Switzerland,Pinscher and Schnauzer,Molossian type,Yes,"GERMANY, SWITZERLAND",https://www.fci.be/en/nomenclature/LANDSEER-EUROPEAN-CONTINENTAL-TYPE-226.html
Lhasa Apso,China,Companion and Toy Dogs,Tibetan breeds,No,Tibet (China),https://www.fci.be/en/nomenclature/LHASA-APSO-227.html
Afghan Hound,Afghanistan,Sighthounds,Long-haired or fringed Sighthounds,No,AFGHANISTAN,https://www.fci.be/en/nomenclature/AFGHAN-HOUND-228.html
Serbian Tricolour Hound,Serbia,Scent hounds and related breeds,Scent hounds,No,SERBIA,https://www.fci.be/en/nomenclature/SERBIAN-TRICOLOUR-HOUND-229.html
Tibetan Mastiff,China,Pinscher and Schnauzer,Molossian type,No,Tibet (China),https://www.fci.be/en/nomenclature/TIBETAN-MASTIFF-230.html
Tibetan Spaniel,China,Companion and Toy Dogs,Tibetan breeds,No,Tibet (China),https://www.fci.be/en/nomenclature/TIBETAN-SPANIEL-231.html
Deutsch Stichelhaar,Germany,Pointing Dogs,Continental Pointing Dogs,No,GERMANY,https://www.fci.be/en/nomenclature/DEUTSCH-STICHELHAAR-232.html
Little Lion Dog,France,Companion and Toy Dogs,Bichons and related breeds,No,FRANCE,https://www.fci.be/en/nomenclature/LITTLE-LION-DOG-233.html
Xoloitzcuintle,Mexico,Spitz and primitive types,Primitive type,No,MEXICO,https://www.fci.be/en/nomenclature/XOLOITZCUINTLE-234.html
Great Dane,Germany,Pinscher and Schnauzer,Molossian type,No,GERMANY,https://www.fci.be/en/nomenclature/GREAT-DANE-235.html
Australian Silky Terrier,Australia,Terriers,Toy Terriers,No,AUSTRALIA,https://www.fci.be/en/nomenclature/AUSTRALIAN-SILKY-TERRIER-236.html
Norwegian Buhund,Norway,Spitz and primitive types,Nordic Watchdogs and Herders,No,NORWAY,https://www.fci.be/en/nomenclature/NORWEGIAN-BUHUND-237.html
Mudi,Hungary,Sheepdogs and Cattledogs,Sheepdogs,No,HUNGARY,https://www.fci.be/en/nomenclature/MUDI-238.html
Hungarian Wire-Haired Pointer,Hungary,Pointing Dogs,Continental Pointing Dogs,No,HUNGARY,https://www.fci.be/en/nomenclature/HUNGARIAN-WIRE-HAIRED-POINTER-239.html
Hungarian Greyhound,Hungary,Sighthounds,Short-haired Sighthounds,No,HUNGARY,https://www.fci.be/en/nomenclature/HUNGARIAN-GREYHOUND-240.html
Hungarian Hound - Transylvanian Scent Hound,Hungary,Scent hounds and related breeds,Scent hounds,No,HUNGARY,https://www.fci.be/en/nomenclature/HUNGARIAN-HOUND-TRANSYLVANIAN-SCENT-HOUND-241.html
Norwegian Elkhound Grey,Norway,Spitz and primitive types,Nordic Hunting Dogs,No,NORWAY,https://www.fci.be/en/nomenclature/NORWEGIAN-ELKHOUND-GREY-242.html
Alaskan Malamute,United States of America,Spitz and primitive types,Nordic Sledge Dogs,No,UNITED STATES OF AMERICA,https://www.fci.be/en/nomenclature/ALASKAN-MALAMUTE-243.html
Slovakian Hound,Slovakia,Scent hounds and related breeds,Scent hounds,No,SLOVAKIA,https://www.fci.be/en/nomenclature/SLOVAKIAN-HOUND-244.html
Bohemian Wire-Haired Pointing Griffon,Czechia,Pointing Dogs,Continental Pointing Dogs,No,CZECH REPUBLIC,https://www.fci.be/en/nomenclature/BOHEMIAN-WIRE-HAIRED-POINTING-GRIFFON-245.html
Cesky Terrier,Czechia,Terriers,Small sized Terriers,No,CZECH REPUBLIC,https://www.fci.be/en/nomenclature/CESKY-TERRIER-246.html
Atlas Mountain Dog (Aidi),Morocco,Pinscher and Schnauzer,Molossian type,No,MOROCCO,https://www.fci.be/en/nomenclature/ATLAS-MOUNTAIN-DOG-AIDI-247.html
Pharaoh Hound,Malta,Spitz and primitive types,Primitive type,No,MALTA,https://www.fci.be/en/nomenclature/PHARAOH-HOUND-248.html
Majorca Mastiff,Spain,Pinscher and Schnauzer,Molossian type,No,SPAIN,https://www.fci.be/en/nomenclature/MAJORCA-MASTIFF-249.html
Havanese,Cuba,Companion and Toy Dogs,Bichons and related breeds,No,CUBA,https://www.fci.be/en/nomenclature/HAVANESE-250.html
Polish Lowland Sheepdog,Poland,Sheepdogs and Cattledogs,Sheepdogs,No,POLAND,https://www.fci.be/en/nomenclature/POLISH-LOWLAND-SHEEPDOG-251.html
Polish Tatra Shepherd,Poland,Sheepdogs and Cattledogs,Sheepdogs,No,POLAND,https://www.fci.be/en/nomenclature/POLISH-TATRA-SHEPHERD-252.html
Pug,China,Companion and Toy Dogs,Small Molossian type Dogs,No,CHINA,https://www.fci.be/en/nomenclature/PUG-253.html
Alpine Dachsbracke,Austria,Scent hounds and related breeds,Leash (scent) Hounds,No,AUSTRIA,https://www.fci.be/en/nomenclature/ALPINE-DACHSBRACKE-254.html
Akita,Japan,Spitz and primitive types,Asian Spitz and related breeds,No,JAPAN,https://www.fci.be/en/nomenclature/AKITA-255.html
Shiba,Japan,Spitz and primitive types,Asian Spitz and related breeds,No,JAPAN,https://www.fci.be/en/nomenclature/SHIBA-257.html
Japanese Terrier,Japan,Terriers,Small sized Terriers,No,JAPAN,https://www.fci.be/en/nomenclature/JAPANESE-TERRIER-259.html
Tosa,Japan,Pinscher and Schnauzer,Molossian type,No,JAPAN,https://www.fci.be/en/nomenclature/TOSA-260.html
Hokkaido,Japan,Spitz and primitive types,Asian Spitz and related breeds,No,JAPAN,https://www.fci.be/en/nomenclature/HOKKAIDO-261.html
Japanese Spitz,Japan,Spitz and primitive types,Asian Spitz and related breeds,No,JAPAN,https://www.fci.be/en/nomenclature/JAPANESE-SPITZ-262.html
Chesapeake Bay Retriever,United States of America,Retrievers,Retrievers,No,UNITED STATES OF AMERICA,https://www.fci.be/en/nomenclature/CHESAPEAKE-BAY-RETRIEVER-263.html
Mastiff,United Kingdom,Pinscher and Schnauzer,Molossian type,No,GREAT BRITAIN,https://www.fci.be/en/nomenclature/MASTIFF-264.html
Norwegian Lundehund,Norway,Spitz and primitive types,Nordic Hunting Dogs,No,NORWAY,https://www.fci.be/en/nomenclature/NORWEGIAN-LUNDEHUND-265.html
Hygen Hound,Norway,Scent hounds and related breeds,Scent hounds,No,NORWAY,https://www.fci.be/en/nomenclature/HYGEN-HOUND-266.html
Halden Hound,Norway,Scent hounds and related breeds,Scent hounds,No,NORWAY,https://www.fci.be/en/nomenclature/HALDEN-HOUND-267.html
Norwegian Elkhound Black,Norway,Spitz and primitive types,Nordic Hunting Dogs,No,NORWAY,https://www.fci.be/en/nomenclature/NORWEGIAN-ELKHOUND-BLACK-268.html
Siberian Husky,United States of America,Spitz and primitive types,Nordic Sledge Dogs,No,UNITED STATES OF AMERICA,https://www.fci.be/en/nomenclature/SIBERIAN-HUSKY-270.html
Bearded Collie,United Kingdom,Sheepdogs and Cattledogs,Sheepdogs,No,GREAT BRITAIN,https://www.fci.be/en/nomenclature/BEARDED-COLLIE-271.html
Norfolk Terrier,United Kingdom,Terriers,Small sized Terriers,No,GREAT BRITAIN,https://www.fci.be/en/nomenclature/NORFOLK-TERRIER-272.html
Canaan Dog,Israel,Spitz and primitive types,Primitive type,No,ISRAEL,https://www.fci.be/en/nomenclature/CANAAN-DOG-273.html
Greenland Dog,Greenland,Spitz and primitive types,Nordic Sledge Dogs,No,GREENLAND,https://www.fci.be/en/nomenclature/GREENLAND-DOG-274.html
Brazilian Tracker,Brazil,Scent hounds and related breeds,Scent hounds,No,BRAZIL,https://www.fci.be/en/nomenclature/BRAZILIAN-TRACKER-275.html
Norrbottenspitz,Sweden,Spitz and primitive types,Nordic Hunting Dogs,No,SWEDEN,https://www.fci.be/en/nomenclature/NORRBOTTENSPITZ-276.html
Croatian Shepherd Dog,Croatia,Sheepdogs and Cattledogs,Sheepdogs,No,CROATIA,https://www.fci.be/en/nomenclature/CROATIAN-SHEPHERD-DOG-277.html
Karst Shepherd Dog,Slovenia,Pinscher and Schnauzer,Molossian type,No,SLOVENIA,https://www.fci.be/en/nomenclature/KARST-SHEPHERD-DOG-278.html
Montenegrin Mountain Hound,Montenegro,Scent hounds and related breeds,Scent hounds,No,MONTENEGRO,https://www.fci.be/en/nomenclature/MONTENEGRIN-MOUNTAIN-HOUND-279.html
Old Danish Pointing Dog,Denmark,Pointing Dogs,Continental Pointing Dogs,No,DENMARK,https://www.fci.be/en/nomenclature/OLD-DANISH-POINTING-DOG-281.html
Grand Griffon Vendeen,France,Scent hounds and related breeds,Scent hounds,No,FRANCE,https://www.fci.be/en/nomenclature/GRAND-GRIFFON-VENDEEN-282.html
Coton De Tulear,Madagascar,Companion and Toy Dogs,Bichons and related breeds,No,MADAGASCAR,https://www.fci.be/en/nomenclature/COTON-DE-TULEAR-283.html
Lapponian Herder,Finland,Spitz and primitive types,Nordic Watchdogs and Herders,No,FINLAND,https://www.fci.be/en/nomenclature/LAPPONIAN-HERDER-284.html
Spanish Greyhound,Spain,Sighthounds,Short-haired Sighthounds,No,SPAIN,https://www.fci.be/en/nomenclature/SPANISH-GREYHOUND-285.html
American Staffordshire Terrier,United States of America,Terriers,Bull type Terriers,No,UNITED STATES OF AMERICA,https://www.fci.be/en/nomenclature/AMERICAN-STAFFORDSHIRE-TERRIER-286.html
Australian Cattle Dog,Australia,Sheepdogs and Cattledogs,Cattledogs (except Swiss Cattledogs),No,AUSTRALIA,https://www.fci.be/en/nomenclature/AUSTRALIAN-CATTLE-DOG-287.html
Chinese Crested Dog,China,Companion and Toy Dogs,Hairless Dogs,No,CHINA,https://www.fci.be/en/nomenclature/CHINESE-CRESTED-DOG-288.html
Icelandic Sheepdog,Iceland,Spitz and primitive types,Nordic Watchdogs and Herders,No,ICELAND,https://www.fci.be/en/nomenclature/ICELANDIC-SHEEPDOG-289.html
Beagle Harrier,France,Scent hounds and related breeds,Scent hounds,No,FRANCE,https://www.fci.be/en/nomenclature/BEAGLE-HARRIER-290.html
Eurasian,Germany,Spitz and primitive types,Asian Spitz and related breeds,No,GERMANY,https://www.fci.be/en/nomenclature/EURASIAN-291.html
Dogo Argentino,Argentina,Pinscher and Schnauzer,Molossian type,No,ARGENTINA,https://www.fci.be/en/nomenclature/DOGO-ARGENTINO-292.html
Australian Kelpie,Australia,Sheepdogs and Cattledogs,Sheepdogs,No,AUSTRALIA,https://www.fci.be/en/nomenclature/AUSTRALIAN-KELPIE-293.html
Otterhound,United Kingdom,Scent hounds and related breeds,Scent hounds,No,GREAT BRITAIN,https://www.fci.be/en/nomenclature/OTTERHOUND-294.html
Harrier,United Kingdom,Scent hounds and related breeds,Scent hounds,No,GREAT BRITAIN,https://www.fci.be/en/nomenclature/HARRIER-295.html
Collie Smooth,United Kingdom,Sheepdogs and Cattledogs,Sheepdogs,No,GREAT BRITAIN,https://www.fci.be/en/nomenclature/COLLIE-SMOOTH-296.html
Border Collie,United Kingdom,Sheepdogs and Cattledogs,Sheepdogs,No,GREAT BRITAIN,https://www.fci.be/en/nomenclature/BORDER-COLLIE-297.html
Romagna Water Dog,Italy,Retrievers,Water Dogs,No,ITALY,https://www.fci.be/en/nomenclature/ROMAGNA-WATER-DOG-298.html
German Hound,Germany,Scent hounds and related breeds,Scent hounds,No,GERMANY,https://www.fci.be/en/nomenclature/GERMAN-HOUND-299.html
Black And Tan Coonhound,United States of America,Scent hounds and related breeds,Scent hounds,No,UNITED STATES OF AMERICA,https://www.fci.be/en/nomenclature/BLACK-AND-TAN-COONHOUND-300.html
American Water Spaniel,United States of America,Retrievers,Water Dogs,No,UNITED STATES OF AMERICA,https://www.fci.be/en/nomenclature/AMERICAN-WATER-SPANIEL-301.html
Irish Glen Of Imaal Terrier,Ireland,Terriers,Large and medium sized Terriers,No,IRELAND,https://www.fci.be/en/nomenclature/IRISH-GLEN-OF-IMAAL-TERRIER-302.html
American Foxhound,United States of America,Scent hounds and related breeds,Scent hounds,No,UNITED STATES OF AMERICA,https://www.fci.be/en/nomenclature/AMERICAN-FOXHOUND-303.html
Russian-European Laika,Russia,Spitz and primitive types,Nordic Hunting Dogs,No,RUSSIAN FEDERATION,https://www.fci.be/en/nomenclature/RUSSIAN-EUROPEAN-LAIKA-304.html
East Siberian Laika,Russia,Spitz and primitive types,Nordic Hunting Dogs,No,RUSSIAN FEDERATION,https://www.fci.be/en/nomenclature/EAST-SIBERIAN-LAIKA-305.html
West Siberian Laika,Russia,Spitz and primitive types,Nordic Hunting Dogs,No,RUSSIAN FEDERATION,https://www.fci.be/en/nomenclature/WEST-SIBERIAN-LAIKA-306.html
Azawakh,Mali,Sighthounds,Short-haired Sighthounds,No,MALI,https://www.fci.be/en/nomenclature/AZAWAKH-307.html
Dutch Smoushond,Netherlands,Pinscher and Schnauzer,Pinscher and Schnauzer type,No,THE NETHERLANDS,https://www.fci.be/en/nomenclature/DUTCH-SMOUSHOND-308.html
Shar Pei,China,Pinscher and Schnauzer,Molossian type,No,CHINA,https://www.fci.be/en/nomenclature/SHAR-PEI-309.html
Peruvian Hairless Dog,Peru,Spitz and primitive types,Primitive type,No,PERU,https://www.fci.be/en/nomenclature/PERUVIAN-HAIRLESS-DOG-310.html
Saarloos Wolfhond,Netherlands,Sheepdogs and Cattledogs,Sheepdogs,No,THE NETHERLANDS,https://www.fci.be/en/nomenclature/SAARLOOS-WOLFHOND-311.html
Nova Scotia Duck Tolling Retriever,Canada,Retrievers,Retrievers,No,CANADA,https://www.fci.be/en/nomenclature/NOVA-SCOTIA-DUCK-TOLLING-RETRIEVER-312.html
Dutch Schapendoes,Netherlands,Sheepdogs and Cattledogs,Sheepdogs,No,THE NETHERLANDS,https://www.fci.be/en/nomenclature/DUTCH-SCHAPENDOES-313.html
Nederlandse Kooikerhondje,Netherlands,Retrievers,Flushing Dogs,No,THE NETHERLANDS,https://www.fci.be/en/nomenclature/NEDERLANDSE-KOOIKERHONDJE-314.html
Broholmer,Denmark,Pinscher and Schnauzer,Molossian type,No,DENMARK,https://www.fci.be/en/nomenclature/BROHOLMER-315.html
French White And Orange Hound,France,Scent hounds and related breeds,Scent hounds,No,FRANCE,https://www.fci.be/en/nomenclature/FRENCH-WHITE-AND-ORANGE-HOUND-316.html
Kai,Japan,Spitz and primitive types,Asian Spitz and related breeds,No,JAPAN,https://www.fci.be/en/nomenclature/KAI-317.html
Kishu,Japan,Spitz and primitive types,Asian Spitz and related breeds,No,JAPAN,https://www.fci.be/en/nomenclature/KISHU-318.html
Shikoku,Japan,Spitz and primitive types,Asian Spitz and related breeds,No,JAPAN,https://www.fci.be/en/nomenclature/SHIKOKU-319.html
Wirehaired Slovakian Pointer,Slovakia,Pointing Dogs,Continental Pointing Dogs,No,SLOVAKIA,https://www.fci.be/en/nomenclature/WIREHAIRED-SLOVAKIAN-POINTER-320.html
Majorca Shepherd Dog,Spain,Sheepdogs and Cattledogs,Sheepdogs,No,SPAIN,https://www.fci.be/en/nomenclature/MAJORCA-SHEPHERD-DOG-321.html
Great Anglo-French Tricolour Hound,France,Scent hounds and related breeds,Scent hounds,No,FRANCE,https://www.fci.be/en/nomenclature/GREAT-ANGLO-FRENCH-TRICOLOUR-HOUND-322.html
Great Anglo-French White And Black Hound,France,Scent hounds and related breeds,Scent hounds,No,FRANCE,https://www.fci.be/en/nomenclature/GREAT-ANGLO-FRENCH-WHITE-AND-BLACK-HOUND-323.html
Great Anglo-French White & Orange Hound,France,Scent hounds and related breeds,Scent hounds,No,FRANCE,https://www.fci.be/en/nomenclature/GREAT-ANGLO-FRENCH-WHITE-ORANGE-HOUND-324.html
Medium-Sized Anglo-French Hound,France,Scent hounds and related breeds,Scent hounds,No,FRANCE,https://www.fci.be/en/nomenclature/MEDIUM-SIZED-ANGLO-FRENCH-HOUND-325.html
South Russian Shepherd Dog,Russia,Sheepdogs and Cattledogs,Sheepdogs,No,RUSSIAN FEDERATION,https://www.fci.be/en/nomenclature/SOUTH-RUSSIAN-SHEPHERD-DOG-326.html
Russian Black Terrier,Russia,Pinscher and Schnauzer,Pinscher and Schnauzer type,No,RUSSIAN FEDERATION,https://www.fci.be/en/nomenclature/RUSSIAN-BLACK-TERRIER-327.html
Caucasian Shepherd Dog,Russia,Pinscher and Schnauzer,Molossian type,No,RUSSIAN FEDERATION,https://www.fci.be/en/nomenclature/CAUCASIAN-SHEPHERD-DOG-328.html
Canarian Warren Hound,Spain,Spitz and primitive types,Primitive type - Hunting Dogs,No,SPAIN,https://www.fci.be/en/nomenclature/CANARIAN-WARREN-HOUND-329.html
Irish Red And White Setter,Ireland,Pointing Dogs,British and Irish Pointers and Setters,No,IRELAND,https://www.fci.be/en/nomenclature/IRISH-RED-AND-WHITE-SETTER-330.html
Kangal Shepherd Dog,Türkiye,Pinscher and Schnauzer,Molossian type,No,TURKEY,https://www.fci.be/en/nomenclature/KANGAL-SHEPHERD-DOG-331.html
Polish Greyhound,Poland,Sighthounds,Short-haired Sighthounds,No,POLAND,https://www.fci.be/en/nomenclature/POLISH-GREYHOUND-333.html
Korea Jindo Dog,South Korea,Spitz and primitive types,Asian Spitz and related breeds,No,KOREA (REPUBLIC OF),https://www.fci.be/en/nomenclature/KOREA-JINDO-DOG-334.html
Central Asia Shepherd Dog,Russia,Pinscher and Schnauzer,Molossian type,No,RUSSIAN FEDERATION,https://www.fci.be/en/nomenclature/CENTRAL-ASIA-SHEPHERD-DOG-335.html
Spanish Water Dog,Spain,Retrievers,Water Dogs,No,SPAIN,https://www.fci.be/en/nomenclature/SPANISH-WATER-DOG-336.html
Italian Short-Haired Segugio,Italy,Scent hounds and related breeds,Scent hounds,No,ITALY,https://www.fci.be/en/nomenclature/ITALIAN-SHORT-HAIRED-SEGUGIO-337.html
Thai Ridgeback Dog,Thailand,Spitz and primitive types,Primitive type - Hunting Dogs,No,THAILAND,https://www.fci.be/en/nomenclature/THAI-RIDGEBACK-DOG-338.html
Parson Russell Terrier,United Kingdom,Terriers,Large and medium sized Terriers,No,GREAT BRITAIN,https://www.fci.be/en/nomenclature/PARSON-RUSSELL-TERRIER-339.html
Saint Miguel Cattle Dog,Portugal,Pinscher and Schnauzer,Molossian type,No,PORTUGAL,https://www.fci.be/en/nomenclature/SAINT-MIGUEL-CATTLE-DOG-340.html
Brazilian Terrier,Brazil,Terriers,Large and medium sized Terriers,No,BRAZIL,https://www.fci.be/en/nomenclature/BRAZILIAN-TERRIER-341.html
Australian Shepherd,United States of America,Sheepdogs and Cattledogs,Sheepdogs,No,UNITED STATES OF AMERICA,https://www.fci.be/en/nomenclature/AUSTRALIAN-SHEPHERD-342.html
Italian Cane Corso,Italy,Pinscher and Schnauzer,Molossian type,No,ITALY,https://www.fci.be/en/nomenclature/ITALIAN-CANE-CORSO-343.html
American Akita,Japan,Spitz and primitive types,Asian Spitz and related breeds,No,JAPAN,https://www.fci.be/en/nomenclature/AMERICAN-AKITA-344.html
Jack Russell Terrier,United Kingdom,Terriers,Small sized Terriers,No,GREAT BRITAIN,https://www.fci.be/en/nomenclature/JACK-RUSSELL-TERRIER-345.html
Presa Canario,Spain,Pinscher and Schnauzer,Molossian type,No,SPAIN,https://www.fci.be/en/nomenclature/PRESA-CANARIO-346.html
White Swiss Shepherd Dog,Switzerland,Sheepdogs and Cattledogs,Sheepdogs,No,SWITZERLAND,https://www.fci.be/en/nomenclature/WHITE-SWISS-SHEPHERD-DOG-347.html
Taiwan Dog,Taiwan,Spitz and primitive types,Primitive type - Hunting Dogs,No,TAIWAN,https://www.fci.be/en/nomenclature/TAIWAN-DOG-348.html
Romanian Mioritic Shepherd Dog,Romania,Sheepdogs and Cattledogs,Sheepdogs,No,ROMANIA,https://www.fci.be/en/nomenclature/ROMANIAN-MIORITIC-SHEPHERD-DOG-349.html
Romanian Carpathian Shepherd Dog,Romania,Sheepdogs and Cattledogs,Sheepdogs,No,ROMANIA,https://www.fci.be/en/nomenclature/ROMANIAN-CARPATHIAN-SHEPHERD-DOG-350.html
Australian Stumpy Tail Cattle Dog,Australia,Sheepdogs and Cattledogs,Cattledogs (except Swiss Cattledogs),No,AUSTRALIA,https://www.fci.be/en/nomenclature/AUSTRALIAN-STUMPY-TAIL-CATTLE-DOG-351.html
Russian Toy,Russia,Companion and Toy Dogs,Continental Toy Spaniel and others,No,RUSSIAN FEDERATION,https://www.fci.be/en/nomenclature/RUSSIAN-TOY-352.html
Cimarrón Uruguayo,Uruguay,Pinscher and Schnauzer,Molossian type,No,URUGUAY,https://www.fci.be/en/nomenclature/CIMARRON-URUGUAYO-353.html
Polish Hunting Dog,Poland,Scent hounds and related breeds,Scent hounds,No,POLAND,https://www.fci.be/en/nomenclature/POLISH-HUNTING-DOG-354.html
Bosnian And Herzegovinian - Croatian Shepherd Dog,Bosnia and Herzegovina,Pinscher and Schnauzer,Molossian type,Yes,"BOSNIA AND HERZEGOVINA, CROATIA",https://www.fci.be/en/nomenclature/BOSNIAN-AND-HERZEGOVINIAN-CROATIAN-SHEPHERD-DOG-355.html
Bosnian And Herzegovinian - Croatian Shepherd Dog,Croatia,Pinscher and Schnauzer,Molossian type,Yes,"BOSNIA AND HERZEGOVINA, CROATIA",https://www.fci.be/en/nomenclature/BOSNIAN-AND-HERZEGOVINIAN-CROATIAN-SHEPHERD-DOG-355.html
Danish-Swedish Farmdog,Denmark,Pinscher and Schnauzer,Pinscher and Schnauzer type,Yes,"DENMARK, SWEDEN",https://www.fci.be/en/nomenclature/DANISH-SWEDISH-FARMDOG-356.html
Danish-Swedish Farmdog,Sweden,Pinscher and Schnauzer,Pinscher and Schnauzer type,Yes,"DENMARK, SWEDEN",https://www.fci.be/en/nomenclature/DANISH-SWEDISH-FARMDOG-356.html
Romanian Bucovina Shepherd,Romania,Pinscher and Schnauzer,Molossian type,No,ROMANIA,https://www.fci.be/en/nomenclature/ROMANIAN-BUCOVINA-SHEPHERD-357.html
Thai Bangkaew Dog,Thailand,Spitz and primitive types,Asian Spitz and related breeds,No,THAILAND,https://www.fci.be/en/nomenclature/THAI-BANGKAEW-DOG-358.html
Miniature Bull Terrier,United Kingdom,Terriers,Bull type Terriers,No,GREAT BRITAIN,https://www.fci.be/en/nomenclature/MINIATURE-BULL-TERRIER-359.html
Lancashire Heeler,United Kingdom,Sheepdogs and Cattledogs,Sheepdogs,No,ENGLAND,https://www.fci.be/en/nomenclature/LANCASHIRE-HEELER-360.html
Segugio Maremmano,Italy,Scent hounds and related breeds,Scent hounds,No,ITALY,https://www.fci.be/en/nomenclature/SEGUGIO-MAREMMANO-361.html
Kintamani-Bali Dog,Indonesia,Spitz and primitive types,Asian Spitz and related breeds,No,INDONESIA,https://www.fci.be/en/nomenclature/KINTAMANI-BALI-DOG-362.html
Prague Ratter,Czechia,Companion and Toy Dogs,Continental Toy Spaniel and others,No,CZECH REPUBLIC,https://www.fci.be/en/nomenclature/PRAGUE-RATTER-363.html
Bohemian Shepherd Dog,Czechia,Sheepdogs and Cattledogs,Sheepdogs,No,CZECH REPUBLIC,https://www.fci.be/en/nomenclature/BOHEMIAN-SHEPHERD-DOG-364.html
Yakutian Laika,Russia,Spitz and primitive types,Nordic Sledge Dogs,No,RUSSIAN FEDERATION,https://www.fci.be/en/nomenclature/YAKUTIAN-LAIKA-365.html
Estonian Hound,Estonia,Scent hounds and related breeds,Scent hounds,No,ESTONIA,https://www.fci.be/en/nomenclature/ESTONIAN-HOUND-366.html
Miniature American Shepherd,United States of America,Sheepdogs and Cattledogs,Sheepdogs,No,UNITED STATES OF AMERICA,https://www.fci.be/en/nomenclature/MINIATURE-AMERICAN-SHEPHERD-367.html
Transmontano Mastiff,Portugal,Pinscher and Schnauzer,Molossian type,No,PORTUGAL,https://www.fci.be/en/nomenclature/TRANSMONTANO-MASTIFF-368.html
Continental Bulldog,Switzerland,Pinscher and Schnauzer,Molossian type,No,SWITZERLAND,https://www.fci.be/en/nomenclature/CONTINENTAL-BULLDOG-369.html
Valencian Terrier,Spain,Terriers,Large and medium sized Terriers,No,SPAIN,https://www.fci.be/en/nomenclature/VALENCIAN-TERRIER-370.html
"Andalusian Terrier, Sherry Terrier",Spain,Terriers,Large and medium sized Terriers,No,SPAIN,https://www.fci.be/en/nomenclature/ANDALUSIAN-TERRIER-SHERRY-TERRIER-371.html
Kazakh Tazy,Kazakhstan,Sighthounds,Long-haired or fringed Sighthounds,No,KAZAKHSTAN,https://www.fci.be/en/nomenclature/KAZAKH-TAZY-372.html
Romanian Raven Shepherd Dog,Romania,Pinscher and Schnauzer,Molossian type,No,ROMANIA,https://www.fci.be/en/nomenclature/ROMANIAN-RAVEN-SHEPHERD-DOG-373.html
Brazilian Campeiro Bulldog,Brazil,Pinscher and Schnauzer,Molossian type,No,BRAZIL,https://www.fci.be/en/nomenclature/BRAZILIAN-CAMPEIRO-BULLDOG-374.html
